epoch,train_loss,val_loss
1,2.1580941432952883,2.182950041389465
2,0.6101866494258245,0.6181187034130097
